number,element,pic available
1,water,x
2,fire,x
3,earth,x
4,air,x
5,acid rain,x
6,airplane,x
7,alarm clock,x
8,alcohol,x
9,algae,x
10,alien,x
11,allergy,x
12,alligator,x
13,alpaca,x
14,ambulance,x
15,angel,x
16,angler,x
17,ant,x
18,antarctica,x
19,aquarium,x
20,archipelago,x
21,armadillo,x
22,armor,x
23,ash,x
24,astronaut,x
25,atmosphere,x
26,atomic bomb,x
27,aurora,x
28,avalanche,x
29,axe,x
30,bacon,x
31,bacteria,x
32,baker,x
33,bakery,x
34,banana,x
35,banana bread,x
36,bandage,x
37,bank,x
38,barn,x
39,bat,x
40,batman,x
41,batter,x
42,bayonet,x
43,bbq,x
44,beach,x
45,beaver,x
46,bee,x
47,beehive,x
48,beer,x
49,bicycle,x
50,bird,x
51,birdhouse,x
52,black hole,x
53,blade,x
54,blender,x
55,blizzard,x
56,blood,x
57,boat,x
58,boiler,x
59,bone,x
60,bonsai tree,x
61,book,x
62,bread,x
63,brick,x
64,bridge,x
65,broom,x
66,bullet,x
67,bulletproof vest,x
68,bus,x
69,butcher,x
70,butter,x
71,butterfly,x
72,cactus,x
73,cake,x
74,camel,x
75,campfire,x
76,candle,x
77,candy cane,x
78,cannon,x
79,car,x
80,caramel,x
81,carbon dioxide,x
82,carrot,x
83,cart,x
84,castle,x
85,cat,x
86,catnip,x
87,caviar,x
88,centaur,x
89,cereal,x
90,chainsaw,x
91,chameleon,x
92,charcoal,x
93,cheese,x
94,cheeseburger,x
95,chicken,x
96,chicken soup,x
97,chicken wing,x
98,chimney,x
99,christmas stocking,x
100,christmas tree,x
101,cigarette,x
102,city,x
103,clay,x
104,clock,x
105,cloud,x
106,coal,x
107,coconut,x
108,coconut milk,x
109,coffin,x
110,cold,x
111,computer,x
112,computer mouse,x
113,confetti,x
114,constellation,x
115,cookie,x
116,corpse,x
117,cotton,x
118,cow,x
119,crow,x
120,crystal ball,x
121,cuckoo,x
122,cyborg,x
123,cyclist,x
124,dam,x
125,darth vader,x
126,day,x
127,desert,x
128,dew,x
129,diamond,x
130,dinosaur,x
131,doctor,x
132,dog,x
133,doghouse,x
134,donut,x
135,double rainbow!,x
136,dough,x
137,dragon,x
138,drone,x
139,drum,x
140,drunk,x
141,dry ice,x
142,duck,x
143,duckling,x
144,dune,x
145,dust,x
146,dynamite,x
147,eagle,x
148,earthquake,x
149,eclipse,x
150,egg,x
151,egg timer,x
152,electric car,x
153,electric eel,x
154,electrician,x
155,electricity,x
156,email,x
157,energy,x
158,engineer,x
159,eruption,x
160,excalibur,x
161,explosion,x
162,fabric,x
163,fairy tale,x
164,family,x
165,family tree,x
166,farm,x
167,farmer,x
168,faun,x
169,fence,x
170,field,x
171,fire extinguisher,x
172,fireman,x
173,fireplace,x
174,firetruck,x
175,fireworks,x
176,fish,x
177,fishing rod,x
178,flamethrower,x
179,flashlight,x
180,flood,x
181,flour,x
182,flower,x
183,flute,x
184,flying fish,x
185,flying squirrel,x
186,fog,x
187,forest,x
188,fortune cookie,x
189,fossil,x
190,fountain,x
191,fox,x
192,frankenstein,x
193,french fries,x
194,fridge,x
195,frog,x
196,fruit,x
197,fruit tree,x
198,galaxy,x
199,garden,x
200,gardener,x
201,geyser,x
202,ghost,x
203,gift,x
204,gingerbread house,x
205,gingerbread man,x
206,glacier,x
207,glass,x
208,glasses,x
209,gnome,x
210,goat,x
211,godzilla,x
212,gold,x
213,golem,x
214,granite,x
215,grass,x
216,grave,x
217,gravestone,x
218,graveyard,x
219,greenhouse,x
220,grenade,x
221,grilled cheese,x
222,grim reaper,x
223,gun,x
224,gunpowder,x
225,hail,x
226,ham,x
227,hamburger,x
228,hammer,x
229,hamster,x
230,hard roe,x
231,harp,x
232,hay,x
233,hay.bale,x
234,hedge,x
235,helicopter,x
236,hero,x
237,hippo,x
238,honey,x
239,horizon,x
240,horse,x
241,horseshoe,x
242,hospital,x
243,hourglass,x
244,house,x
245,human,x
246,hummingbird,x
247,hurricane,x
248,ice,x
249,ice cream,x
250,ice cream truck,x
251,iceberg,x
252,iced tea,x
253,idea,x
254,igloo,x
255,internet,x
256,isle,x
257,ivy,x
258,jack-o'-lantern,x
259,jam,x
260,jedi,x
261,jerky,x
262,juice,x
263,kite,x
264,knight,x
265,lake,x
266,lamp,x
267,lava,x
268,lava lamp,x
269,lawn mower,x
270,leaf,x
271,leather,x
272,lemonade,x
273,letter,x
274,life,x
275,light,x
276,light bulb,x
277,lighthouse,x
278,lightsaber,x
279,lion,x
280,livestock,x
281,lizard,x
282,log cabin,x
283,love,x
284,lumberjack,x
285,mac and cheese,x
286,mailman,x
287,manatee,x
288,map,x
289,mars,x
290,marshmallows,x
291,mayonnaise,x
292,meat,x
293,medusa,x
294,mermaid,x
295,metal,x
296,meteor,x
297,meteoroid,x
298,microscope,x
299,milk,x
300,milk shake,x
301,minotaur,x
302,mirror,x
303,mold,x
304,monarch,x
305,money,x
306,monkey,x
307,moon,x
308,moss,x
309,motorcycle,x
310,mountain,x
311,mountain goat,x
312,mountain range,x
313,mouse,x
314,mousetrap,x
315,mud,x
316,mummy,x
317,music,x
318,narwhal,x
319,needle,x
320,nerd,x
321,nest,x
322,newspaper,x
323,night,x
324,ninja,x
325,oasis,x
326,obsidian,x
327,ocean,x
328,oil,x
329,omelette,x
330,optical fiber,x
331,orchard,x
332,origami,x
333,ostrich,x
334,owl,x
335,oxygen,x
336,ozone,x
337,paint,x
338,palm,x
339,paper,x
340,paper airplane,x
341,parrot,x
342,pasta,x
343,peacock,x
344,pegasus,x
345,pencil,x
346,penguin,x
347,penicillin,x
348,petroleum,x
349,phoenix,x
350,picnic,x
351,pie,x
352,pig,x
353,pigeon,x
354,piggy bank,x
355,pilot,x
356,pinocchio,x
357,pipe,x
358,piranha,x
359,pirate,x
360,pirate ship,x
361,pitchfork,x
362,pizza,x
363,planet,x
364,plankton,x
365,plant,x
366,platypus,x
367,pond,x
368,popsicle,x
369,pottery,x
370,pressure,x
371,printer,x
372,prism,x
373,pterodactyl,x
374,puddle,x
375,pumpkin,x
376,pyramid,x
377,rain,x
378,rainbow,x
379,rat,x
380,recipe,x
381,reindeer,x
382,ring,x
383,river,x
384,robot,x
385,rocket,x
386,roomba,x
387,rope,x
388,rose,x
389,ruins,x
390,ruler,x
391,rust,x
392,rv,x
393,saddle,x
394,safety glasses,x
395,sailboat,x
396,sailor,x
397,salt,x
398,sand,x
399,sand castle,x
400,sandpaper,x
401,sandstone,x
402,sandstorm,x
403,sandwich,x
404,santa,x
405,scalpel,x
406,scarecrow,x
407,scissors,x
408,scorpion,x
409,scythe,x
410,sea,x
411,seagull,x
412,seahorse,x
413,seal,x
414,seaplane,x
415,seasickness,x
416,seaweed,x
417,shark,x
418,sheep,x
419,sheet music,x
420,shuriken,x
421,sickness,x
422,skateboard,x
423,skeleton,x
424,ski goggles,x
425,sky,x
426,skyscraper,x
427,sledge,x
428,sloth,x
429,smog,x
430,smoke,x
431,smoothie,x
432,snake,x
433,snow,x
434,snow globe,x
435,snowball,x
436,snowboard,x
437,snowman,x
438,snowmobile,x
439,soap,x
440,soda,x
441,solar cell,x
442,solar system,x
443,sound,x
444,space,x
445,space station,x
446,spaceship,x
447,sphinx,x
448,spider,x
449,squirrel,x
450,star,x
451,starfish,x
452,statue,x
453,steak,x
454,steam,x
455,steam.engine,x
456,steamboat,x
457,steel,x
458,stethoscope,x
459,stone,x
460,storm,x
461,story,x
462,sugar,x
463,sun,x
464,sundial,x
465,sunflower,x
466,sunglasses,x
467,super nova,x
468,surfer,x
469,sushi,x
470,swamp,x
471,sweater,x
472,swim goggles,x
473,swimmer,x
474,sword,x
475,swordfish,x
476,tank,x
477,taser,x
478,tea,x
479,telescope,x
480,thread,x
481,tide,x
482,time,x
483,titanic,x
484,toast,x
485,tobacco,x
486,tool,x
487,toucan,x
488,tractor,x
489,train,x
490,treasure,x
491,treasure map,x
492,tree,x
493,treehouse,x
494,trojan horse,x
495,tsunami,x
496,turtle,x
497,twilight,x
498,tyrannosaurus rex,x
499,ufo,x
500,umbrella,x
501,unicorn,x
502,vacuum cleaner,x
503,vampire,x
504,vase,x
505,vegetable,x
506,village,x
507,volcano,x
508,vulture,x
509,wagon,x
510,wall,x
511,wand,x
512,warrior,x
513,watch,x
514,water gun,x
515,water lily,x
516,water pipe,x
517,waterfall,x
518,wave,x
519,wax,x
520,web,x
521,werewolf,x
522,wheat,x
523,wheel,x
524,wild animal,x
525,wild boar,x
526,wind,x
527,wind turbine,x
528,windmill,x
529,wine,x
530,wire,x
531,witch,x
532,wizard,x
533,wolf,x
534,wood,x
535,woodpecker,x
536,wool,x
537,wrapping paper,x
538,yoda,x
539,yogurt,x
540,zombie,x
